{
	"Camera" : 
	{
		"Camera Direction" : 
		[
			-0.88129401206970215,
			-0.21824641525745392,
			0.4191531240940094
		],
		"Camera Position" : 
		[
			87.979095458984375,
			27.829303741455078,
			-8.4951572418212891
		],
		"Camera Speed" : 15
	},
	"Entities" : 
	{
		"Entity Count" : 2
	},
	"Entity0" : 
	{
		"Entity0_Filename" : "C:\\Users\\Andreas\\Development\\current_development\\ivct\\models\\cryteksponza\\sponza.obj",
		"Entity0_Movement" : 
		[
			0,
			0,
			0
		],
		"Entity0_Orientation" : 
		[
			0,
			0,
			0,
			1
		],
		"Entity0_Position" : 
		[
			0,
			0,
			0
		],
		"Entity0_Rotation" : 
		[
			0,
			0,
			0
		],
		"Entity0_Scale" : 0.10000000149011612
	},
	"Entity1" : 
	{
		"Entity1_Filename" : "C:\\Users\\Andreas\\Development\\current_development\\ivct\\models\\teapot\\teapot.obj",
		"Entity1_Movement" : 
		[
			0,
			0,
			0
		],
		"Entity1_Orientation" : 
		[
			0.12721586227416992,
			0.3796856701374054,
			0.024615557864308357,
			0.91599619388580322
		],
		"Entity1_Position" : 
		[
			-5.1999988555908203,
			9.2000007629394531,
			0
		],
		"Entity1_Rotation" : 
		[
			0,
			0,
			0
		],
		"Entity1_Scale" : 0.15000000596046448
	},
	"Light0" : 
	{
		"Light0_Bias" : 0.0041800001636147499,
		"Light0_Direction" : 
		[
			0.4921497106552124,
			-0.47839471697807312,
			0.42735007405281067
		],
		"Light0_HalfAngle" : 0.19999998807907104,
		"Light0_Intensity" : 
		[
			20000,
			20000,
			20000
		],
		"Light0_NormalBias" : 0.40500003099441528,
		"Light0_Position" : 
		[
			0,
			42.100002288818359,
			-3.5
		],
		"Light0_ShadowMapResolution" : 16,
		"Light0_Type" : 0
	},
	"Lights" : 
	{
		"Light Count" : 1
	},
	"Track Light Cache Count" : false
}